student_id,name,class,comprehension,attention,focus,retention,engagement_time,assessment_score,cluster,persona
1,Student_001,C,59.8,75.7,75.7,69.7,36.4,68.8,0,Engaged High Achiever
2,Student_002,D,51.8,71.7,54.4,62.6,56.8,60.3,0,Engaged High Achiever
3,Student_003,A,64.6,59.6,69.5,73.6,13.0,53.8,3,Distracted Low Engagement
4,Student_004,C,80.3,82.4,49.3,59.8,54.2,64.8,0,Engaged High Achiever
5,Student_005,C,72.6,48.8,59.6,77.3,85.5,61.5,2,Steady Learner
6,Student_006,D,55.1,74.2,72.5,48.5,17.7,56.9,3,Distracted Low Engagement
7,Student_007,A,72.1,73.9,45.7,67.6,48.8,63.8,0,Engaged High Achiever
8,Student_008,A,74.6,60.4,74.2,91.2,31.8,76.2,3,Distracted Low Engagement
9,Student_009,C,59.4,69.9,67.7,53.0,53.5,66.0,0,Engaged High Achiever
10,Student_010,B,71.8,46.2,75.7,57.2,45.4,51.2,2,Steady Learner
11,Student_011,C,70.7,78.9,71.1,72.7,32.2,71.4,3,Distracted Low Engagement
12,Student_012,C,56.3,62.2,87.1,68.3,54.8,70.8,1,Needs Attention
13,Student_013,C,74.3,57.2,69.8,70.6,81.1,67.5,2,Steady Learner
14,Student_014,C,76.7,80.7,62.0,72.4,41.2,75.1,0,Engaged High Achiever
15,Student_015,D,83.0,54.4,69.7,74.3,59.4,78.6,2,Steady Learner
16,Student_016,A,82.6,43.9,75.6,80.4,19.1,70.0,3,Distracted Low Engagement
17,Student_017,D,53.5,41.7,68.7,71.3,25.9,53.7,3,Distracted Low Engagement
18,Student_018,D,58.7,74.1,68.6,62.9,54.4,68.3,0,Engaged High Achiever
19,Student_019,D,76.2,45.8,58.2,74.7,74.7,61.8,2,Steady Learner
20,Student_020,C,76.2,91.3,58.7,90.7,52.1,73.8,0,Engaged High Achiever
21,Student_021,B,76.2,33.8,48.4,64.3,38.7,50.4,2,Steady Learner
22,Student_022,A,100.0,90.4,92.5,53.3,45.0,90.7,1,Needs Attention
23,Student_023,B,76.9,68.2,50.6,80.4,20.0,58.4,3,Distracted Low Engagement
24,Student_024,D,83.6,63.5,58.3,64.4,57.1,74.3,2,Steady Learner
25,Student_025,D,81.4,56.8,57.9,37.8,62.6,62.0,2,Steady Learner
26,Student_026,B,77.8,71.0,80.5,77.0,36.0,62.2,1,Needs Attention
27,Student_027,B,66.2,64.4,63.9,59.0,35.6,61.6,3,Distracted Low Engagement
28,Student_028,B,79.1,81.5,85.5,64.8,50.3,60.9,1,Needs Attention
29,Student_029,D,60.7,66.7,58.6,70.3,36.3,62.7,3,Distracted Low Engagement
30,Student_030,D,67.2,67.3,71.9,68.5,43.7,69.1,3,Distracted Low Engagement
31,Student_031,A,64.2,59.5,56.3,75.2,87.0,57.5,2,Steady Learner
32,Student_032,A,71.0,64.1,98.0,60.3,40.1,68.7,1,Needs Attention
33,Student_033,D,97.8,69.6,51.4,72.7,37.8,81.5,3,Distracted Low Engagement
34,Student_034,B,47.6,39.3,72.3,62.6,32.0,46.5,3,Distracted Low Engagement
35,Student_035,B,78.2,44.8,76.9,75.6,59.9,58.0,2,Steady Learner
36,Student_036,A,50.6,76.1,73.8,74.0,41.4,71.0,0,Engaged High Achiever
37,Student_037,D,64.3,67.6,65.4,53.8,32.0,70.7,3,Distracted Low Engagement
38,Student_038,A,83.1,62.2,66.2,80.1,71.4,69.3,2,Steady Learner
39,Student_039,A,70.8,65.3,68.6,59.0,73.4,69.9,2,Steady Learner
40,Student_040,C,57.1,70.2,65.9,76.5,33.0,69.0,3,Distracted Low Engagement
41,Student_041,C,61.4,56.9,81.5,70.8,7.7,55.5,3,Distracted Low Engagement
42,Student_042,C,78.2,53.3,98.9,89.9,65.2,70.4,1,Needs Attention
43,Student_043,B,61.2,67.9,60.2,63.1,31.3,65.8,3,Distracted Low Engagement
44,Student_044,D,72.6,50.3,48.8,61.5,60.8,66.5,2,Steady Learner
45,Student_045,D,70.5,71.1,66.8,65.7,5.6,65.8,3,Distracted Low Engagement
46,Student_046,D,62.2,39.5,100.0,62.1,62.9,55.7,1,Needs Attention
47,Student_047,D,95.7,80.4,56.7,76.4,20.8,84.6,3,Distracted Low Engagement
48,Student_048,C,77.6,72.1,90.9,45.0,59.6,66.0,1,Needs Attention
49,Student_049,B,45.7,68.8,91.5,52.3,45.3,57.3,1,Needs Attention
50,Student_050,B,72.2,79.7,60.2,52.1,25.9,64.8,0,Engaged High Achiever
51,Student_051,C,62.1,90.0,76.0,78.4,36.9,79.2,0,Engaged High Achiever
52,Student_052,B,80.2,80.2,90.8,88.2,58.7,83.6,1,Needs Attention
53,Student_053,C,60.5,37.4,62.7,64.6,47.1,54.6,2,Steady Learner
54,Student_054,D,68.6,45.8,65.1,63.8,56.7,60.3,2,Steady Learner
55,Student_055,C,76.1,55.6,59.9,66.9,84.5,63.2,2,Steady Learner
56,Student_056,D,80.4,65.4,53.8,81.1,13.7,67.4,3,Distracted Low Engagement
57,Student_057,D,55.6,72.8,58.9,53.9,77.3,43.4,0,Engaged High Achiever
58,Student_058,A,66.0,54.1,50.9,69.1,47.1,54.4,2,Steady Learner
59,Student_059,C,64.3,67.8,68.5,78.7,27.0,64.5,3,Distracted Low Engagement
60,Student_060,A,62.2,53.7,57.2,72.5,18.4,48.4,3,Distracted Low Engagement
61,Student_061,C,91.2,55.8,71.3,68.5,41.2,70.2,3,Distracted Low Engagement
62,Student_062,C,74.9,43.9,46.2,79.0,63.4,56.5,2,Steady Learner
63,Student_063,A,54.9,51.2,72.6,30.9,42.4,61.1,2,Steady Learner
64,Student_064,A,81.0,44.7,79.7,74.8,75.2,75.8,2,Steady Learner
65,Student_065,C,95.5,50.4,40.1,57.5,16.0,55.9,3,Distracted Low Engagement
66,Student_066,B,82.4,80.8,73.2,42.2,44.8,67.2,1,Needs Attention
67,Student_067,D,51.8,50.8,85.2,72.6,20.0,56.7,3,Distracted Low Engagement
68,Student_068,A,64.2,100.0,51.1,83.9,52.3,67.0,0,Engaged High Achiever
69,Student_069,D,85.2,72.4,91.4,64.2,62.7,75.9,1,Needs Attention
70,Student_070,B,61.5,67.8,73.9,78.4,36.6,59.2,3,Distracted Low Engagement
71,Student_071,B,75.3,52.1,58.1,87.0,0.0,53.5,3,Distracted Low Engagement
72,Student_072,B,79.3,75.5,67.2,83.1,49.0,74.8,0,Engaged High Achiever
73,Student_073,A,58.9,56.4,75.8,87.3,53.7,66.5,3,Distracted Low Engagement
74,Student_074,B,69.3,66.8,69.1,75.6,53.1,60.5,0,Engaged High Achiever
75,Student_075,A,31.1,100.0,75.5,67.0,69.7,68.3,0,Engaged High Achiever
76,Student_076,B,57.7,63.6,55.1,45.2,23.6,48.4,3,Distracted Low Engagement
77,Student_077,D,67.0,82.2,70.4,62.8,58.6,68.6,0,Engaged High Achiever
78,Student_078,D,55.0,54.5,48.2,55.0,68.9,56.4,2,Steady Learner
79,Student_079,C,89.6,64.5,66.4,94.2,9.4,70.7,3,Distracted Low Engagement
80,Student_080,D,52.8,91.6,55.3,63.7,51.4,64.7,0,Engaged High Achiever
81,Student_081,C,64.7,55.6,57.7,67.6,34.9,53.6,3,Distracted Low Engagement
82,Student_082,D,71.6,92.2,85.3,73.2,43.4,73.5,1,Needs Attention
83,Student_083,A,87.3,75.6,83.3,66.6,52.0,73.1,1,Needs Attention
84,Student_084,D,52.8,56.6,76.5,88.0,35.3,55.8,3,Distracted Low Engagement
85,Student_085,C,84.0,74.5,52.7,57.9,31.5,63.5,3,Distracted Low Engagement
86,Student_086,C,70.1,79.6,63.6,68.5,45.7,56.9,0,Engaged High Achiever
87,Student_087,B,58.2,74.3,85.0,56.3,23.3,59.7,1,Needs Attention
88,Student_088,A,75.5,41.4,70.0,48.8,23.3,53.8,3,Distracted Low Engagement
89,Student_089,D,72.4,54.1,100.0,58.0,58.6,65.3,1,Needs Attention
90,Student_090,B,62.8,61.3,73.5,65.5,22.0,58.3,3,Distracted Low Engagement
91,Student_091,D,70.8,63.9,70.7,60.4,58.3,63.0,2,Steady Learner
92,Student_092,D,65.4,74.3,63.7,57.0,54.3,65.1,0,Engaged High Achiever
93,Student_093,B,71.4,67.7,69.9,47.7,10.5,65.2,3,Distracted Low Engagement
94,Student_094,B,77.9,45.0,65.9,64.9,31.4,55.2,3,Distracted Low Engagement
95,Student_095,B,89.0,70.7,77.9,46.4,68.9,63.2,1,Needs Attention
96,Student_096,B,55.1,74.2,81.4,75.9,25.4,57.8,3,Distracted Low Engagement
97,Student_097,B,95.6,73.4,57.0,67.1,35.7,67.4,3,Distracted Low Engagement
98,Student_098,D,46.6,81.2,49.4,47.1,54.2,51.8,0,Engaged High Achiever
99,Student_099,B,68.2,77.5,42.3,62.0,60.7,56.0,0,Engaged High Achiever
100,Student_100,A,77.1,71.9,75.1,56.2,40.0,58.8,1,Needs Attention
101,Student_101,C,73.4,63.9,52.6,70.1,33.0,57.9,3,Distracted Low Engagement
102,Student_102,B,62.5,40.1,37.9,83.4,73.4,53.6,2,Steady Learner
103,Student_103,B,67.5,71.4,73.4,41.6,79.8,66.6,2,Steady Learner
104,Student_104,D,64.1,68.1,100.0,67.5,64.6,66.3,1,Needs Attention
105,Student_105,B,62.9,69.1,67.9,63.9,46.7,59.2,0,Engaged High Achiever
106,Student_106,B,80.2,45.8,79.7,74.7,28.8,58.6,3,Distracted Low Engagement
107,Student_107,B,74.3,48.8,69.1,68.8,28.4,59.9,3,Distracted Low Engagement
108,Student_108,D,61.7,80.8,66.6,56.2,55.5,58.1,0,Engaged High Achiever
109,Student_109,B,80.8,64.4,80.9,61.9,53.4,71.9,1,Needs Attention
110,Student_110,C,73.7,75.2,63.9,55.7,73.0,55.0,2,Steady Learner
111,Student_111,D,79.8,65.4,71.7,80.0,58.0,67.4,1,Needs Attention
112,Student_112,C,77.6,65.4,72.5,66.3,14.9,66.6,3,Distracted Low Engagement
113,Student_113,D,60.1,79.1,58.6,90.7,66.0,67.5,0,Engaged High Achiever
114,Student_114,B,63.3,57.3,81.9,65.2,25.0,76.9,3,Distracted Low Engagement
115,Student_115,C,79.0,66.4,65.6,56.8,37.3,65.9,3,Distracted Low Engagement
116,Student_116,D,77.3,58.1,57.4,46.3,50.0,52.6,2,Steady Learner
117,Student_117,A,69.7,58.5,75.5,42.6,84.9,60.7,2,Steady Learner
118,Student_118,B,71.4,60.4,55.4,45.4,107.2,49.1,2,Steady Learner
119,Student_119,D,85.3,68.3,68.4,69.5,57.1,69.2,2,Steady Learner
120,Student_120,A,62.9,57.8,67.9,72.6,41.3,54.9,3,Distracted Low Engagement
121,Student_121,D,76.6,83.8,83.2,45.4,55.7,75.7,1,Needs Attention
122,Student_122,A,67.6,51.6,74.6,77.6,62.8,59.6,2,Steady Learner
123,Student_123,B,67.4,62.2,67.6,59.7,38.6,59.5,3,Distracted Low Engagement
124,Student_124,C,83.2,58.4,79.4,67.9,80.9,65.9,2,Steady Learner
125,Student_125,A,79.9,86.7,87.5,87.0,49.6,89.1,1,Needs Attention
126,Student_126,D,79.8,67.9,75.8,77.7,55.0,68.5,1,Needs Attention
127,Student_127,B,85.7,80.5,68.1,62.5,58.3,82.7,1,Needs Attention
128,Student_128,A,70.3,42.7,49.6,54.4,53.4,57.4,2,Steady Learner
129,Student_129,D,78.2,69.0,53.1,38.0,61.8,63.0,2,Steady Learner
130,Student_130,D,66.3,78.3,63.7,56.7,32.7,64.6,0,Engaged High Achiever
131,Student_131,D,73.9,66.2,59.5,63.3,33.8,64.2,3,Distracted Low Engagement
132,Student_132,A,68.4,81.0,65.4,53.2,23.0,51.4,0,Engaged High Achiever
133,Student_133,A,71.2,57.2,68.8,64.3,53.8,60.1,2,Steady Learner
134,Student_134,A,77.1,86.1,75.4,67.0,60.6,77.9,1,Needs Attention
135,Student_135,C,60.2,99.5,67.0,63.1,54.2,68.2,0,Engaged High Achiever
136,Student_136,A,95.1,59.6,74.8,57.5,78.5,62.5,2,Steady Learner
137,Student_137,A,57.9,58.3,68.9,68.2,44.9,57.9,3,Distracted Low Engagement
138,Student_138,A,55.4,86.8,40.3,71.7,58.4,70.3,0,Engaged High Achiever
139,Student_139,C,83.9,88.7,54.8,51.8,23.2,74.7,0,Engaged High Achiever
140,Student_140,A,79.5,57.2,66.0,84.3,37.3,65.5,3,Distracted Low Engagement
141,Student_141,D,77.5,58.7,51.1,64.7,58.9,66.5,2,Steady Learner
142,Student_142,A,77.5,60.8,76.4,66.2,62.0,64.6,1,Needs Attention
143,Student_143,D,69.9,44.8,89.4,75.2,39.1,53.1,1,Needs Attention
144,Student_144,D,59.2,51.2,85.1,69.0,43.6,54.6,1,Needs Attention
145,Student_145,D,70.9,49.9,65.0,78.4,14.6,68.6,3,Distracted Low Engagement
146,Student_146,C,61.9,53.5,88.9,69.7,37.9,60.4,1,Needs Attention
147,Student_147,C,81.7,64.5,70.1,58.0,62.8,65.0,2,Steady Learner
148,Student_148,C,68.2,68.5,63.3,70.7,56.5,61.9,0,Engaged High Achiever
149,Student_149,A,60.1,88.3,59.4,51.1,55.0,73.8,0,Engaged High Achiever
150,Student_150,D,66.1,50.0,63.8,67.4,46.0,67.3,2,Steady Learner
151,Student_151,C,75.0,79.8,62.6,65.6,45.1,80.3,0,Engaged High Achiever
152,Student_152,C,63.2,61.8,70.4,63.3,31.8,58.6,3,Distracted Low Engagement
153,Student_153,A,60.1,64.3,70.2,64.3,59.0,62.5,2,Steady Learner
154,Student_154,C,72.9,75.1,68.0,41.5,53.4,54.1,2,Steady Learner
155,Student_155,A,72.9,48.2,74.1,58.9,54.8,69.2,2,Steady Learner
156,Student_156,B,63.9,70.7,84.7,67.2,34.5,58.6,1,Needs Attention
157,Student_157,C,64.3,67.5,81.3,68.1,1.9,64.0,3,Distracted Low Engagement
158,Student_158,B,72.8,72.4,47.2,52.6,66.9,54.0,2,Steady Learner
159,Student_159,A,52.6,69.3,32.2,82.5,35.4,50.2,0,Engaged High Achiever
160,Student_160,D,53.1,100.0,81.1,54.7,27.7,61.7,0,Engaged High Achiever
161,Student_161,C,61.4,55.4,48.9,78.6,58.9,53.1,2,Steady Learner
162,Student_162,A,67.4,57.0,64.9,71.6,37.2,56.8,3,Distracted Low Engagement
163,Student_163,D,73.7,55.7,51.6,57.6,66.2,55.0,2,Steady Learner
164,Student_164,D,87.7,56.7,42.8,89.1,57.3,70.3,2,Steady Learner
165,Student_165,B,80.3,55.4,75.6,50.5,58.7,56.9,2,Steady Learner
166,Student_166,A,68.1,82.8,78.6,77.9,17.7,70.8,3,Distracted Low Engagement
167,Student_167,D,69.8,86.3,59.9,79.0,69.2,77.1,0,Engaged High Achiever
168,Student_168,C,58.0,56.4,31.7,57.3,50.2,45.9,2,Steady Learner
169,Student_169,C,69.8,52.5,60.4,84.1,37.6,56.3,3,Distracted Low Engagement
170,Student_170,B,66.5,72.1,73.5,62.7,47.9,63.1,1,Needs Attention
171,Student_171,D,73.9,56.7,47.3,69.8,9.5,63.8,3,Distracted Low Engagement
172,Student_172,A,60.1,74.5,70.6,69.4,53.2,65.0,0,Engaged High Achiever
173,Student_173,C,76.2,68.0,67.8,64.3,24.4,61.1,3,Distracted Low Engagement
174,Student_174,D,88.4,42.3,76.1,76.5,17.9,67.6,3,Distracted Low Engagement
175,Student_175,D,68.7,88.2,69.7,76.3,14.6,62.2,3,Distracted Low Engagement
176,Student_176,B,74.8,91.9,54.4,43.3,67.3,70.2,0,Engaged High Achiever
177,Student_177,C,78.3,55.8,84.8,83.0,32.4,70.9,3,Distracted Low Engagement
178,Student_178,C,65.2,59.2,65.8,44.4,75.7,56.1,2,Steady Learner
179,Student_179,A,72.7,69.3,67.6,79.4,34.3,61.2,3,Distracted Low Engagement
180,Student_180,C,70.2,70.0,54.9,80.6,10.9,56.9,3,Distracted Low Engagement
181,Student_181,A,71.2,74.9,61.8,51.8,22.7,64.5,3,Distracted Low Engagement
182,Student_182,C,60.7,95.2,55.6,60.7,69.7,73.1,0,Engaged High Achiever
183,Student_183,B,70.3,62.3,65.6,51.6,41.9,55.8,2,Steady Learner
184,Student_184,C,76.0,53.0,92.0,63.2,34.0,68.4,1,Needs Attention
185,Student_185,A,87.4,44.3,48.8,62.0,48.2,46.2,2,Steady Learner
186,Student_186,A,81.5,54.0,45.4,76.1,55.0,57.7,2,Steady Learner
187,Student_187,B,95.8,64.5,88.6,83.0,67.3,78.2,1,Needs Attention
188,Student_188,C,60.8,91.9,65.1,84.1,74.0,65.1,0,Engaged High Achiever
189,Student_189,C,80.5,57.2,58.6,58.7,37.8,55.3,2,Steady Learner
190,Student_190,B,72.2,68.4,82.6,63.3,18.5,61.7,3,Distracted Low Engagement
191,Student_191,C,96.3,64.8,59.5,44.1,36.7,67.2,2,Steady Learner
192,Student_192,C,60.3,82.8,93.6,55.5,50.2,67.2,1,Needs Attention
193,Student_193,A,59.9,100.0,77.5,78.5,25.7,58.1,0,Engaged High Achiever
194,Student_194,C,62.8,57.0,61.2,87.0,25.9,47.0,3,Distracted Low Engagement
195,Student_195,C,44.5,57.7,98.2,50.0,51.9,53.9,1,Needs Attention
196,Student_196,B,63.7,80.7,59.5,58.3,44.0,64.9,0,Engaged High Achiever
197,Student_197,B,60.9,75.2,78.4,65.7,45.7,48.4,1,Needs Attention
198,Student_198,D,71.8,92.7,72.2,69.6,29.8,68.1,0,Engaged High Achiever
199,Student_199,A,74.1,73.8,86.2,55.5,40.4,65.1,1,Needs Attention
200,Student_200,C,92.5,59.6,89.9,71.5,26.5,81.0,1,Needs Attention
201,Student_201,C,81.4,73.9,68.4,59.8,62.8,66.4,1,Needs Attention
202,Student_202,D,63.1,81.6,57.5,65.8,65.7,66.3,0,Engaged High Achiever
203,Student_203,C,59.2,77.3,74.4,73.1,8.1,64.2,3,Distracted Low Engagement
204,Student_204,A,75.9,72.6,58.5,66.1,26.4,51.1,3,Distracted Low Engagement
205,Student_205,D,54.2,81.0,96.2,60.3,15.1,70.1,1,Needs Attention
206,Student_206,A,92.0,82.5,69.9,64.6,32.0,74.8,1,Needs Attention
207,Student_207,D,84.2,85.7,62.9,64.9,43.3,74.2,0,Engaged High Achiever
208,Student_208,D,64.4,74.7,70.6,61.2,16.0,85.6,3,Distracted Low Engagement
209,Student_209,B,49.4,62.5,49.1,62.6,26.6,38.5,3,Distracted Low Engagement
210,Student_210,A,86.2,67.2,54.4,86.8,24.9,78.2,3,Distracted Low Engagement
211,Student_211,C,68.6,83.1,84.8,73.3,49.1,70.0,1,Needs Attention
212,Student_212,C,84.9,52.7,58.8,62.2,46.4,63.8,2,Steady Learner
213,Student_213,A,50.9,70.5,53.3,75.1,30.6,56.1,0,Engaged High Achiever
214,Student_214,C,62.8,59.1,75.5,61.7,48.5,57.9,1,Needs Attention
215,Student_215,C,70.1,65.4,84.6,81.3,34.1,64.8,3,Distracted Low Engagement
216,Student_216,A,70.6,84.2,78.1,70.8,39.6,72.4,1,Needs Attention
217,Student_217,D,64.6,67.9,81.9,64.6,78.5,57.2,1,Needs Attention
218,Student_218,A,77.5,65.7,57.4,71.8,71.8,70.0,2,Steady Learner
219,Student_219,D,57.2,44.6,48.1,45.6,19.0,43.2,3,Distracted Low Engagement
220,Student_220,C,68.3,76.2,89.0,51.4,61.6,61.3,1,Needs Attention
221,Student_221,C,71.4,74.7,63.5,50.5,61.2,60.7,2,Steady Learner
222,Student_222,C,76.2,97.4,64.5,67.9,22.0,78.9,0,Engaged High Achiever
223,Student_223,B,78.5,60.4,86.6,88.5,61.4,69.1,1,Needs Attention
224,Student_224,D,56.5,68.3,75.8,95.0,75.8,69.4,0,Engaged High Achiever
225,Student_225,B,51.6,68.7,74.4,74.3,22.5,55.4,3,Distracted Low Engagement
226,Student_226,B,85.3,88.7,98.3,72.5,26.6,84.2,1,Needs Attention
227,Student_227,A,74.0,63.6,59.0,42.6,65.4,63.7,2,Steady Learner
228,Student_228,B,61.0,69.2,81.0,58.9,50.4,74.3,1,Needs Attention
229,Student_229,A,88.6,74.1,68.8,55.8,56.0,69.0,1,Needs Attention
230,Student_230,A,71.4,67.8,71.8,57.9,51.8,68.0,1,Needs Attention
231,Student_231,B,84.2,58.3,89.4,63.8,52.8,70.5,1,Needs Attention
232,Student_232,D,70.8,67.9,75.1,59.9,18.5,70.9,3,Distracted Low Engagement
233,Student_233,D,94.7,81.1,75.5,40.3,65.9,68.8,1,Needs Attention
234,Student_234,D,91.1,49.6,83.0,75.7,68.4,75.6,1,Needs Attention
235,Student_235,D,67.0,67.0,62.9,52.1,40.4,58.1,2,Steady Learner
236,Student_236,D,81.7,54.5,56.3,69.1,44.1,61.6,2,Steady Learner
237,Student_237,B,77.7,82.9,53.4,93.0,14.4,69.9,3,Distracted Low Engagement
238,Student_238,B,86.4,42.2,40.5,54.0,55.3,56.9,2,Steady Learner
239,Student_239,C,58.4,56.6,96.8,33.1,56.4,58.1,1,Needs Attention
240,Student_240,D,78.2,70.7,52.6,62.3,43.8,64.5,0,Engaged High Achiever
241,Student_241,B,82.7,88.5,64.9,80.3,67.5,84.8,0,Engaged High Achiever
242,Student_242,C,48.9,64.0,64.1,91.5,38.3,65.0,3,Distracted Low Engagement
243,Student_243,D,55.8,56.7,72.3,50.0,56.3,60.9,2,Steady Learner
244,Student_244,A,45.5,93.2,79.4,72.5,24.6,62.2,0,Engaged High Achiever
245,Student_245,C,66.8,43.3,80.0,60.0,44.5,52.7,2,Steady Learner
246,Student_246,B,78.6,32.0,59.8,64.6,41.5,61.1,2,Steady Learner
247,Student_247,A,88.0,71.6,65.7,100.0,49.5,80.2,3,Distracted Low Engagement
248,Student_248,A,70.9,57.5,72.0,46.5,37.6,67.7,2,Steady Learner
249,Student_249,A,89.5,49.7,64.5,69.3,42.4,61.1,2,Steady Learner
250,Student_250,C,53.4,75.6,90.5,72.1,61.5,65.5,1,Needs Attention
251,Student_251,B,49.6,68.7,74.9,80.1,36.3,51.0,3,Distracted Low Engagement
252,Student_252,A,69.3,56.5,78.3,67.3,12.9,59.0,3,Distracted Low Engagement
253,Student_253,D,74.6,45.8,77.3,70.0,80.0,69.8,2,Steady Learner
254,Student_254,A,69.6,78.1,84.4,60.9,72.6,67.3,1,Needs Attention
255,Student_255,A,45.2,74.8,70.5,69.5,19.2,61.6,3,Distracted Low Engagement
256,Student_256,C,68.9,63.5,49.8,61.5,58.8,57.6,2,Steady Learner
257,Student_257,C,54.3,92.7,73.6,74.1,34.9,69.0,0,Engaged High Achiever
258,Student_258,B,78.0,48.9,58.9,61.2,50.3,52.2,2,Steady Learner
259,Student_259,D,74.4,42.1,60.6,70.9,50.9,58.7,2,Steady Learner
260,Student_260,C,58.7,54.6,76.2,65.6,40.3,40.4,3,Distracted Low Engagement
261,Student_261,A,63.8,64.3,85.3,80.6,29.3,64.7,3,Distracted Low Engagement
262,Student_262,B,57.3,68.7,68.3,65.3,31.2,49.6,3,Distracted Low Engagement
263,Student_263,A,69.2,61.4,72.3,43.0,26.7,65.6,3,Distracted Low Engagement
264,Student_264,A,81.5,70.3,91.8,82.4,28.4,78.8,1,Needs Attention
265,Student_265,C,58.2,46.2,71.4,54.2,43.7,56.4,2,Steady Learner
266,Student_266,B,76.0,86.7,100.0,57.5,30.7,83.8,1,Needs Attention
267,Student_267,D,63.6,63.8,75.9,58.3,58.6,56.2,1,Needs Attention
268,Student_268,D,60.5,81.8,43.3,83.9,74.7,74.1,0,Engaged High Achiever
269,Student_269,C,68.7,70.1,78.5,38.2,33.4,66.9,1,Needs Attention
270,Student_270,C,57.6,71.9,73.3,100.0,49.8,66.0,0,Engaged High Achiever
271,Student_271,B,63.4,73.5,86.1,79.7,55.0,76.1,1,Needs Attention
272,Student_272,D,55.6,71.7,77.4,68.9,54.4,56.5,0,Engaged High Achiever
273,Student_273,D,93.6,74.6,66.1,65.3,46.5,67.1,1,Needs Attention
274,Student_274,D,70.4,84.9,50.9,69.7,59.9,62.3,0,Engaged High Achiever
275,Student_275,A,61.6,67.9,65.1,72.8,54.6,59.0,0,Engaged High Achiever
276,Student_276,D,72.6,75.6,56.1,74.4,20.2,57.7,3,Distracted Low Engagement
277,Student_277,A,68.7,63.7,59.9,73.2,62.4,69.9,2,Steady Learner
278,Student_278,B,67.3,86.6,76.2,67.2,62.7,68.8,0,Engaged High Achiever
279,Student_279,A,77.4,54.9,91.4,63.4,29.7,68.3,1,Needs Attention
280,Student_280,B,79.1,92.0,73.5,64.0,45.8,69.9,0,Engaged High Achiever
281,Student_281,D,63.6,64.4,51.3,63.5,58.7,47.0,2,Steady Learner
282,Student_282,D,63.1,43.5,74.2,80.7,40.8,60.4,3,Distracted Low Engagement
283,Student_283,B,66.7,66.9,84.8,73.7,66.5,56.6,1,Needs Attention
284,Student_284,C,42.4,54.8,59.5,27.8,92.3,46.7,2,Steady Learner
285,Student_285,B,51.8,77.6,66.1,74.5,29.3,52.6,0,Engaged High Achiever
286,Student_286,C,86.4,55.2,68.2,68.5,17.4,76.4,3,Distracted Low Engagement
287,Student_287,A,89.7,58.3,57.0,65.8,51.1,70.8,2,Steady Learner
288,Student_288,A,67.0,36.7,77.1,60.9,59.4,57.4,2,Steady Learner
289,Student_289,A,76.9,58.2,66.3,80.6,40.4,72.6,3,Distracted Low Engagement
290,Student_290,D,73.7,28.6,73.9,78.3,74.1,54.4,2,Steady Learner
291,Student_291,A,100.0,41.2,55.6,56.0,18.2,64.0,3,Distracted Low Engagement
292,Student_292,C,83.4,76.4,61.9,71.3,58.9,71.3,0,Engaged High Achiever
293,Student_293,A,68.5,76.8,78.1,53.4,32.9,66.6,1,Needs Attention
294,Student_294,B,58.5,71.4,62.8,48.1,79.4,66.8,2,Steady Learner
295,Student_295,B,50.7,50.5,92.2,57.9,84.9,63.6,1,Needs Attention
296,Student_296,D,72.4,64.3,62.4,77.2,29.7,65.1,3,Distracted Low Engagement
297,Student_297,B,60.9,64.9,71.1,78.4,34.0,52.3,3,Distracted Low Engagement
298,Student_298,C,52.9,47.6,81.1,72.7,62.2,52.2,2,Steady Learner
299,Student_299,A,62.2,87.6,48.1,75.4,37.3,62.6,0,Engaged High Achiever
300,Student_300,D,57.0,78.2,43.3,72.7,44.1,59.0,0,Engaged High Achiever
301,Student_301,A,90.2,61.7,46.6,57.7,45.5,56.0,2,Steady Learner
302,Student_302,A,80.6,65.4,85.7,71.6,6.6,83.2,3,Distracted Low Engagement
303,Student_303,C,69.9,68.1,60.3,76.4,44.7,72.9,0,Engaged High Achiever
304,Student_304,B,87.8,34.4,100.0,75.8,31.2,71.5,1,Needs Attention
305,Student_305,B,70.9,61.3,60.1,81.5,35.1,63.0,3,Distracted Low Engagement
306,Student_306,A,59.7,54.8,70.6,75.2,73.9,59.4,2,Steady Learner
307,Student_307,D,88.3,50.0,89.6,70.6,19.9,62.8,3,Distracted Low Engagement
308,Student_308,B,76.5,60.8,96.1,79.9,61.3,72.9,1,Needs Attention
309,Student_309,D,57.6,92.0,96.9,65.7,39.4,73.0,1,Needs Attention
310,Student_310,B,67.7,74.6,84.9,54.5,39.4,58.7,1,Needs Attention
311,Student_311,D,59.5,56.4,82.3,63.9,60.8,63.1,1,Needs Attention
312,Student_312,C,53.4,73.6,76.3,56.3,51.8,59.8,0,Engaged High Achiever
313,Student_313,D,81.1,86.0,78.9,57.2,56.4,61.6,1,Needs Attention
314,Student_314,C,92.9,78.9,60.3,64.1,64.4,67.3,2,Steady Learner
315,Student_315,C,53.2,65.9,56.5,55.7,38.4,51.5,0,Engaged High Achiever
316,Student_316,D,76.8,55.3,68.0,62.0,32.8,72.7,3,Distracted Low Engagement
317,Student_317,C,62.2,75.5,65.6,41.4,23.3,61.4,0,Engaged High Achiever
318,Student_318,A,64.2,70.9,61.7,68.8,28.5,53.0,3,Distracted Low Engagement
319,Student_319,C,62.9,78.4,77.7,66.0,104.0,72.0,1,Needs Attention
320,Student_320,B,59.6,74.5,81.4,55.4,69.9,55.3,1,Needs Attention
321,Student_321,D,70.6,80.7,69.2,74.6,18.0,73.8,3,Distracted Low Engagement
322,Student_322,A,60.0,57.0,88.7,78.2,18.6,59.8,3,Distracted Low Engagement
323,Student_323,D,73.2,84.8,52.0,45.1,54.6,62.5,0,Engaged High Achiever
324,Student_324,B,69.4,68.0,65.3,56.1,55.9,70.0,2,Steady Learner
325,Student_325,B,67.1,96.1,58.0,56.0,56.0,59.2,0,Engaged High Achiever
326,Student_326,B,59.1,54.7,41.9,53.8,39.9,41.5,2,Steady Learner
327,Student_327,C,63.1,91.0,66.8,76.8,42.5,65.2,0,Engaged High Achiever
328,Student_328,C,79.1,68.0,66.3,63.5,51.6,72.3,2,Steady Learner
329,Student_329,D,76.0,55.2,89.2,62.6,46.7,57.1,1,Needs Attention
330,Student_330,D,58.3,57.7,76.8,39.9,0.6,36.3,3,Distracted Low Engagement
331,Student_331,A,71.2,60.2,53.7,74.3,40.4,57.6,3,Distracted Low Engagement
332,Student_332,A,79.0,71.4,94.0,49.9,28.0,72.5,1,Needs Attention
333,Student_333,D,50.0,72.8,85.1,66.8,48.5,69.9,1,Needs Attention
334,Student_334,C,76.5,56.4,76.1,69.6,104.7,65.2,2,Steady Learner
335,Student_335,B,62.0,64.6,64.8,83.7,52.3,60.4,0,Engaged High Achiever
336,Student_336,D,76.8,97.1,54.6,49.0,38.7,74.5,0,Engaged High Achiever
337,Student_337,A,60.8,90.9,62.8,26.7,63.4,49.5,0,Engaged High Achiever
338,Student_338,C,48.3,71.5,83.2,68.4,54.7,59.7,1,Needs Attention
339,Student_339,D,50.5,65.6,94.4,89.4,53.4,67.6,1,Needs Attention
340,Student_340,D,70.6,66.8,89.6,82.1,57.1,73.7,1,Needs Attention
341,Student_341,C,73.1,74.2,61.2,68.7,86.1,64.3,2,Steady Learner
342,Student_342,D,59.1,49.7,52.3,59.6,22.4,50.9,3,Distracted Low Engagement
343,Student_343,C,77.7,61.1,70.0,76.5,54.5,51.8,2,Steady Learner
344,Student_344,B,50.1,40.0,43.2,53.3,26.5,39.0,3,Distracted Low Engagement
345,Student_345,C,69.2,71.0,72.5,72.2,56.1,69.4,1,Needs Attention
346,Student_346,C,55.5,74.7,65.9,72.6,26.6,54.8,3,Distracted Low Engagement
347,Student_347,C,62.2,57.8,61.5,79.8,36.7,59.5,3,Distracted Low Engagement
348,Student_348,D,70.6,88.6,45.7,100.0,39.1,72.1,0,Engaged High Achiever
349,Student_349,D,59.7,46.6,75.2,71.1,64.5,56.4,2,Steady Learner
350,Student_350,C,65.4,43.0,60.5,59.4,63.4,55.6,2,Steady Learner
351,Student_351,D,82.1,68.4,51.6,65.7,20.1,57.1,3,Distracted Low Engagement
352,Student_352,A,63.1,80.7,27.8,43.0,46.1,52.2,0,Engaged High Achiever
353,Student_353,A,80.0,90.3,67.6,57.0,30.8,73.8,0,Engaged High Achiever
354,Student_354,D,56.4,58.1,92.8,60.7,19.8,61.1,3,Distracted Low Engagement
355,Student_355,D,76.4,81.2,91.3,59.2,40.7,68.8,1,Needs Attention
356,Student_356,C,87.3,64.4,61.6,68.0,38.8,68.1,3,Distracted Low Engagement
357,Student_357,B,40.3,62.4,59.6,55.3,93.5,56.9,2,Steady Learner
358,Student_358,D,60.4,78.3,74.6,80.6,53.7,55.1,0,Engaged High Achiever
359,Student_359,A,76.9,74.8,54.0,66.0,17.4,70.3,3,Distracted Low Engagement
360,Student_360,C,67.6,41.4,72.2,65.9,33.7,54.6,3,Distracted Low Engagement
361,Student_361,D,74.5,87.1,78.7,61.7,65.4,75.0,1,Needs Attention
362,Student_362,A,62.8,85.7,85.2,68.0,86.8,79.0,1,Needs Attention
363,Student_363,A,71.0,55.6,66.6,76.7,13.3,52.5,3,Distracted Low Engagement
364,Student_364,B,68.1,70.9,65.1,54.7,7.4,55.5,3,Distracted Low Engagement
365,Student_365,C,84.0,72.4,55.7,57.4,82.4,65.5,2,Steady Learner
366,Student_366,C,73.1,68.9,56.4,62.1,52.8,57.7,2,Steady Learner
367,Student_367,B,74.1,56.7,64.8,48.5,27.6,68.4,3,Distracted Low Engagement
368,Student_368,B,65.1,54.9,73.1,55.3,55.7,53.8,2,Steady Learner
369,Student_369,C,64.1,64.6,80.8,59.8,0.0,57.2,3,Distracted Low Engagement
370,Student_370,C,64.8,82.6,56.8,77.4,45.1,66.5,0,Engaged High Achiever
371,Student_371,D,74.7,73.2,88.9,69.4,51.6,64.3,1,Needs Attention
372,Student_372,D,64.9,59.4,64.2,68.5,63.5,58.3,2,Steady Learner
373,Student_373,B,73.5,76.6,67.7,77.1,24.7,69.4,3,Distracted Low Engagement
374,Student_374,D,94.9,22.3,57.5,64.2,46.7,55.5,2,Steady Learner
375,Student_375,A,80.5,82.2,34.1,71.1,26.5,62.9,0,Engaged High Achiever
376,Student_376,D,66.1,38.9,80.4,64.7,50.1,54.7,2,Steady Learner
377,Student_377,D,84.4,59.6,78.3,69.4,27.1,58.6,3,Distracted Low Engagement
378,Student_378,A,65.1,48.2,64.1,58.4,36.8,56.9,2,Steady Learner
379,Student_379,B,45.5,45.6,68.9,34.3,25.1,55.8,3,Distracted Low Engagement
380,Student_380,A,57.9,82.4,75.2,64.3,58.0,65.7,0,Engaged High Achiever
381,Student_381,D,47.6,58.0,46.1,84.5,62.2,55.1,0,Engaged High Achiever
382,Student_382,B,65.8,70.2,60.6,78.0,40.3,67.3,0,Engaged High Achiever
383,Student_383,D,70.2,64.3,79.1,78.6,45.8,59.4,1,Needs Attention
384,Student_384,A,90.1,72.2,50.4,82.1,16.0,78.5,3,Distracted Low Engagement
385,Student_385,A,73.9,66.2,72.1,67.2,39.0,66.4,3,Distracted Low Engagement
386,Student_386,D,67.4,45.8,49.0,68.6,44.0,63.7,2,Steady Learner
387,Student_387,C,80.0,79.9,74.5,58.0,97.4,68.0,1,Needs Attention
388,Student_388,C,43.5,57.6,67.5,61.9,22.8,62.3,3,Distracted Low Engagement
389,Student_389,A,72.8,41.7,45.4,74.0,74.3,60.8,2,Steady Learner
390,Student_390,A,79.3,58.6,84.3,81.7,64.9,74.1,1,Needs Attention
391,Student_391,C,52.3,87.5,57.7,64.2,50.6,62.7,0,Engaged High Achiever
392,Student_392,C,83.7,77.8,56.7,60.1,80.2,67.4,2,Steady Learner
393,Student_393,D,74.1,59.8,70.8,66.0,52.4,71.0,2,Steady Learner
394,Student_394,D,65.0,59.8,84.1,73.8,52.8,65.8,1,Needs Attention
395,Student_395,C,77.6,60.2,53.8,47.2,43.9,46.6,2,Steady Learner
396,Student_396,D,97.2,96.2,68.9,36.1,69.5,69.2,1,Needs Attention
397,Student_397,D,72.2,70.7,74.0,58.8,66.9,65.2,1,Needs Attention
398,Student_398,B,73.0,71.5,77.7,50.1,32.5,66.3,1,Needs Attention
399,Student_399,D,64.5,80.5,70.5,59.4,18.6,63.1,3,Distracted Low Engagement
400,Student_400,A,59.8,68.6,62.9,64.1,40.9,66.6,0,Engaged High Achiever
401,Student_401,D,80.0,61.1,56.4,60.1,29.0,49.3,3,Distracted Low Engagement
402,Student_402,D,59.7,62.1,69.2,84.9,43.7,63.1,3,Distracted Low Engagement
403,Student_403,C,70.9,63.9,53.0,70.2,69.7,51.0,2,Steady Learner
404,Student_404,A,64.3,64.4,27.1,69.9,35.9,57.6,0,Engaged High Achiever
405,Student_405,D,75.7,75.9,74.1,74.1,44.1,69.3,1,Needs Attention
406,Student_406,D,74.0,65.8,80.7,51.2,46.2,67.3,1,Needs Attention
407,Student_407,B,82.5,76.0,34.9,79.5,62.0,60.6,0,Engaged High Achiever
408,Student_408,D,63.9,63.8,53.9,65.0,0.1,63.3,3,Distracted Low Engagement
409,Student_409,D,66.8,66.2,76.7,74.7,32.9,71.0,3,Distracted Low Engagement
410,Student_410,B,58.3,35.0,96.8,52.1,49.2,59.4,1,Needs Attention
411,Student_411,C,64.7,78.7,68.3,45.8,69.0,62.3,0,Engaged High Achiever
412,Student_412,D,74.5,70.2,57.8,76.6,35.2,68.2,3,Distracted Low Engagement
413,Student_413,B,79.1,80.0,65.4,70.9,7.5,63.6,3,Distracted Low Engagement
414,Student_414,A,58.9,21.6,87.2,54.3,57.4,56.7,2,Steady Learner
415,Student_415,C,80.4,96.3,59.0,54.7,32.3,79.7,0,Engaged High Achiever
416,Student_416,A,86.3,62.9,56.8,80.6,21.2,72.5,3,Distracted Low Engagement
417,Student_417,A,75.0,81.6,61.2,50.5,32.5,60.0,0,Engaged High Achiever
418,Student_418,B,92.5,49.4,54.7,87.4,41.3,68.4,3,Distracted Low Engagement
419,Student_419,D,60.7,74.2,69.7,54.3,32.9,52.7,0,Engaged High Achiever
420,Student_420,B,55.1,49.2,90.7,74.3,0.9,61.6,3,Distracted Low Engagement
421,Student_421,B,48.7,55.6,72.5,61.7,62.9,58.1,2,Steady Learner
422,Student_422,B,88.0,93.7,64.5,73.8,70.5,66.1,0,Engaged High Achiever
423,Student_423,B,77.9,62.1,63.9,58.9,58.0,56.4,2,Steady Learner
424,Student_424,C,69.3,68.3,46.1,63.9,22.2,56.1,3,Distracted Low Engagement
425,Student_425,D,73.4,78.1,80.4,66.5,41.0,67.8,1,Needs Attention
426,Student_426,A,56.5,72.4,66.9,53.0,44.9,51.4,0,Engaged High Achiever
427,Student_427,A,99.3,67.3,65.5,75.6,57.0,76.2,2,Steady Learner
428,Student_428,D,71.6,70.5,100.0,59.3,58.4,72.4,1,Needs Attention
429,Student_429,A,71.3,100.0,72.2,63.0,30.3,70.6,0,Engaged High Achiever
430,Student_430,D,78.7,64.1,57.5,53.1,46.6,56.9,2,Steady Learner
431,Student_431,A,75.8,68.0,62.0,32.7,54.1,66.0,2,Steady Learner
432,Student_432,B,72.7,80.8,84.1,63.5,74.1,82.0,1,Needs Attention
433,Student_433,A,60.5,81.6,69.6,97.4,59.1,67.1,0,Engaged High Achiever
434,Student_434,D,75.7,82.8,47.9,76.2,60.8,63.8,0,Engaged High Achiever
435,Student_435,D,92.6,74.6,80.9,65.7,46.7,77.7,1,Needs Attention
436,Student_436,D,86.1,47.9,58.6,62.6,73.2,60.4,2,Steady Learner
437,Student_437,D,89.1,89.5,94.2,66.3,53.2,79.7,1,Needs Attention
438,Student_438,D,63.9,47.8,83.1,73.1,27.8,64.5,3,Distracted Low Engagement
439,Student_439,C,58.1,69.5,61.7,50.6,73.1,47.0,2,Steady Learner
440,Student_440,C,68.5,53.7,85.9,80.5,59.0,74.1,1,Needs Attention
441,Student_441,A,70.7,64.0,68.9,75.3,36.1,64.5,3,Distracted Low Engagement
442,Student_442,D,83.1,69.9,79.9,75.3,35.4,69.0,1,Needs Attention
443,Student_443,A,49.7,69.8,74.8,71.7,50.9,60.1,0,Engaged High Achiever
444,Student_444,D,88.4,71.3,56.2,66.3,54.3,68.0,2,Steady Learner
445,Student_445,D,68.1,89.2,59.0,74.7,48.9,57.8,0,Engaged High Achiever
446,Student_446,C,64.9,71.8,82.4,73.7,51.2,76.5,1,Needs Attention
447,Student_447,C,57.9,61.3,63.3,61.4,79.0,58.8,2,Steady Learner
448,Student_448,B,50.1,79.5,62.3,58.5,66.4,62.1,0,Engaged High Achiever
449,Student_449,C,79.9,82.8,54.6,67.3,48.8,73.8,0,Engaged High Achiever
450,Student_450,B,70.9,46.6,73.9,86.1,63.8,57.7,2,Steady Learner
451,Student_451,B,54.5,74.0,96.9,49.9,24.3,65.8,1,Needs Attention
452,Student_452,B,54.5,75.5,53.1,46.9,53.0,53.9,0,Engaged High Achiever
453,Student_453,B,66.0,60.5,68.3,68.1,81.2,68.0,2,Steady Learner
454,Student_454,B,90.0,85.6,87.8,66.7,40.6,65.2,1,Needs Attention
455,Student_455,A,66.9,62.7,66.9,68.3,28.0,60.2,3,Distracted Low Engagement
456,Student_456,C,52.0,66.9,74.3,69.2,32.0,55.5,3,Distracted Low Engagement
457,Student_457,B,67.1,62.4,53.1,63.1,23.2,59.6,3,Distracted Low Engagement
458,Student_458,D,66.7,65.2,74.0,85.4,29.3,68.2,3,Distracted Low Engagement
459,Student_459,C,37.6,48.6,65.4,45.2,37.6,40.9,2,Steady Learner
460,Student_460,C,69.3,43.4,81.8,55.2,16.9,52.9,3,Distracted Low Engagement
461,Student_461,B,67.2,88.9,84.6,64.7,45.3,70.6,1,Needs Attention
462,Student_462,A,78.4,52.3,100.0,44.6,63.0,61.0,1,Needs Attention
463,Student_463,B,92.2,50.1,76.1,63.7,26.8,71.4,3,Distracted Low Engagement
464,Student_464,A,83.5,32.7,72.6,87.6,75.4,62.4,2,Steady Learner
465,Student_465,D,66.8,55.4,70.7,66.3,55.2,43.3,2,Steady Learner
466,Student_466,C,56.7,45.2,63.1,69.0,65.6,52.3,2,Steady Learner
467,Student_467,D,100.0,89.6,72.7,49.6,31.8,69.8,1,Needs Attention
468,Student_468,A,70.7,80.1,63.9,58.0,62.1,56.0,0,Engaged High Achiever
469,Student_469,A,70.2,54.7,70.4,61.1,23.2,51.7,3,Distracted Low Engagement
470,Student_470,D,69.7,98.8,86.4,61.9,62.8,76.0,1,Needs Attention
471,Student_471,A,72.4,79.7,53.9,82.7,48.4,75.2,0,Engaged High Achiever
472,Student_472,D,68.3,60.1,84.0,73.2,56.1,68.0,1,Needs Attention
473,Student_473,C,63.1,27.5,86.4,51.6,21.5,48.3,3,Distracted Low Engagement
474,Student_474,D,63.4,99.4,66.3,69.2,27.1,71.6,0,Engaged High Achiever
475,Student_475,C,69.6,44.2,38.3,72.5,56.9,50.5,2,Steady Learner
476,Student_476,D,63.5,40.3,59.5,80.8,26.0,50.3,3,Distracted Low Engagement
477,Student_477,A,61.4,80.3,86.2,86.5,54.3,64.5,1,Needs Attention
478,Student_478,D,71.3,100.0,67.7,52.8,17.7,58.2,0,Engaged High Achiever
479,Student_479,A,66.9,85.8,54.0,55.5,62.0,61.4,0,Engaged High Achiever
480,Student_480,D,88.0,73.5,60.9,49.7,20.3,66.4,3,Distracted Low Engagement
481,Student_481,D,38.2,73.9,79.8,63.0,56.0,57.6,0,Engaged High Achiever
482,Student_482,B,83.1,77.8,75.7,72.1,57.5,70.7,1,Needs Attention
483,Student_483,A,85.0,76.4,64.7,78.8,31.1,65.2,3,Distracted Low Engagement
484,Student_484,B,45.1,69.2,62.9,65.0,56.6,59.6,0,Engaged High Achiever
485,Student_485,A,65.9,66.6,62.5,61.8,50.2,52.8,2,Steady Learner
486,Student_486,B,65.5,64.1,55.1,68.0,34.2,63.3,3,Distracted Low Engagement
487,Student_487,C,53.1,53.7,90.6,55.1,24.8,51.0,3,Distracted Low Engagement
488,Student_488,D,60.7,60.8,63.5,93.2,5.7,55.8,3,Distracted Low Engagement
489,Student_489,A,56.7,39.6,85.0,45.1,52.0,44.5,2,Steady Learner
490,Student_490,A,91.0,63.5,89.3,68.4,13.7,69.0,3,Distracted Low Engagement
491,Student_491,D,81.2,50.2,82.0,92.3,46.9,75.3,3,Distracted Low Engagement
492,Student_492,A,85.3,48.4,62.0,66.1,39.7,65.1,2,Steady Learner
493,Student_493,A,78.7,67.7,73.7,63.5,58.6,73.6,1,Needs Attention
494,Student_494,B,56.5,85.9,67.7,61.4,39.0,66.2,0,Engaged High Achiever
495,Student_495,A,63.7,78.8,55.3,63.7,38.4,54.7,0,Engaged High Achiever
496,Student_496,C,75.9,41.4,72.5,83.8,59.6,61.2,2,Steady Learner
497,Student_497,C,55.3,50.2,51.5,37.2,51.7,42.9,2,Steady Learner
498,Student_498,D,78.6,79.1,84.6,85.9,51.3,83.7,1,Needs Attention
499,Student_499,A,67.1,50.3,61.5,47.5,54.4,47.7,2,Steady Learner
500,Student_500,D,65.5,61.6,70.8,62.5,14.3,64.7,3,Distracted Low Engagement
